Front,Back
"abbiegen","jadd"
"Abend","guddi (gi); ngoon (gi)"
"Abendessen","reer (bi)"
"Abend essen, zu","reer"
"abends","guddi"
"aber","waaye"
"abfahren","deqi"
"abfliegen","naaw"
"abgeben","jox"
"abreisen","dem"
"abschleppen (Auto)","lëng"
"absichtlich tun","tey"
"abstimmen (miteinander)","diisoo"
"Adresse","adarees"
"Affe","golo (gi)"
"ähnlich (sein)","mel"
"Akazie","kadd (gi)"
"Alkohol","sangara (si)"
"alle (fertig, leer)","jeex na"
"alle(s)","lepp; yepp"
"allein","kott"
"als (Vergleich)","gënn"
"als (zeitl.)","bu"
"alt (nicht jung)","maggat"
"alt (nicht neu)","du bees"
"Alte(r) (Mensch)","maggat (mi)"
"Alter (das)","at (mi)"
"Ampel","fë"
"Anbau (Feld)","mbay (mi)"
"anbauen (Hirse)","bay"
"anbieten","may"
"Andenken","saricë (bi)"
"andere(r, -s)","beneen"
"andere(s)","yeneen"
"anfangen (beginnen)","tambali"
"angenehm (sein)","neex"
"Angestellter","liggeeykat (bi), employe*"
"Angst (haben)","ragal"
"anhalten","taxaw"
"ankommen (von Arbeit / Schule)","wacc"
"ankommen (dort)","agsi (a: egsi)"
"ankommen (hier)","ñew (a: ñow)"
"Ansicht","gis-gis (bi)"
"Antwort","tont (li)"
"antworten","wuyu, tontu"
"Apotheke","farmaci (bi)"
"Arbeit","liggeey (bi)"
"arbeiten","liggeey"
"Arbeiter","liggeeykat (bi)"
"arm","miskin"
"Arm","loxo (li)"
"Arzt","doktoor (bi); fajkat (bi)"
"Aubergine","batañse (bi)"
"auch","itam; tamit"
"auf","ci, ci kow"
"aufbewahren","denc"
"Aufenthalt","ngan (gi)"
"aufgedreht (Kind)","sob"
"aufheben","denc"
"aufhören","bayyi"
"aufrecht","taxaw"
"aufstehen (sich erheben)","jog"
"aufwachen","yeewu"
"Auge","bët (bi)"
"Augenbohne","ñebbe (ji)"
"außerhalb","biti"
"Ausgang","gennukaay (bi)"
"Ausland","biti (bi)"
"Ausländer","gan (gi)"
"ausreichen","doy"
"aussehen wie","mel"
"Aussprache","wax (ji)"
"aussteigen","wacc"
"Ausweis","paaspoor (bi)"
"ausziehen (Kleidung)","summi"
"ausziehen (Haus)","roñu"
"ausziehen, sich","summiku"
"Auto","oto (bi)"
"Autowerkstatt","gaaraas (bi)"
"Badeanzug, -hose","caax (bi)"
"baden","sang"
"Badezimmer","sangukaay (bi)"
"Baguette","miis (mi)"
"Bahnhof","gaar (bi)"
"bald","leegi"
"Bank (Geld)","bank (bi)"
"Bank (Sitz-)","toogu (bi)"
"Baobab (Baum)","guy (gi)"
"Baobab-Frucht","buy (bi)"
"Bargeld","weccet (wi)"
"Batik(stoff)","cuub (gi)"
"Batikstoff (industr.)","legoos (bi)"
"Batterie","piil (bi)"
"Bauch","biir (bi)"
"bauen","tabax; defar"
"Bauer","baykat (bi)"
"Baum","garab (gi)"
"Beamter","fonctionnaire*"
"Bedeutung","solo (si)"
"beeilen, sich","gaaw"
"beenden","jeex; pare"
"befinden, sich","nekk"
"begeben nach, sich","jëm"
"begegnen, sich","daje"
"beginnen","tambali"
"begleiten","gunge"
"begrüßen","nuyoo"
"behandeln (Krankheit)","faj"
"bei","ci"
"Bein","tank (bi)"
"Beispiel","misaal (mi)"
"bekanntmachen","xamele"
"beklagen, sich","tawat"
"beleidigen","tanc"
"benachrichtigen","wax"
"benötigen","soxla"
"Benzin","esaas"
"beraten, sich","diisoo"
"bereit sein","pare"
"Beruf","liggeey (bi)"
"berühmt","siiw"
"beschädigen","yaq"
"beschweren, sich","jambat"
"besichtigen","xool; seet"
"besitzen (gemeinsam)","bokk"
"Besitzer","boroom (bi)"
"besser","gën"
"besser gehen (Gesundheit)","tane"
"bestellen","santaane"
"bestrafen","yar"
"Besuch","gan (bi)"
"besuchen","seet; gisee"
"Besucher (Gast)","gan (bi)"
"beten","julli"
"betrügen","nax"
"betrunken","mandi"
"Bett","lal (bi)"
"bevor","bala"
"Beweis","firnde (ji)"
"bewirken (verursachen)","tax"
"Bewohner des Hauses (Familie)","waa-kër (gi)"
"bezahlen","fey"
"Beziehung","diggante (bi)"
"Bier","beer (bi)"
"Bild","natal (bi)"
"billig","yomb, jafeul, serul"
"Binde (Damen-)","serviette hygiénique*"
"bis","ba; be"
"Bisaab (Hibiscussaft)","bisaab (bi)"
"bisschen","tuuti"
"Bitte","ñaan (gi)"
"bitten","ñaan; bëgg"
"bitter (schmecken)","wex"
"Blatt (bot.)","garab (gi); xob (wi)"
"bleiben","yagg"
"Bleistift","karyon (bi)"
"Blume","toor-toor (bi)"
"Boden (Erde)","suuf (si)"
"Boot (Piroge)","gaal (gi)"
"Botschaft","ambassade*"
"Brand","lakk (gi)"
"Brauch","cosaan (li)"
"brauchen","soxla"
"breit","yaa"
"brennen","lakk"
"Brief","leetar (bi)"
"Briefmarke","tembar (bi)"
"Briefumschlag","enveloppe*"
"Brille","lunet (yi)"
"bringen","indi"
"Brot","mburu (mi)"
"Brücke","pom (bi)"
"Bruder","mag (ji); rakk (ji)"
"Brunnen","teen (bi)"
"Brust (weibl.)","ween (wi)"
"Brustkorb","dënn (bi)"
"Buch","teere (bi)"
"Bus","kaar (bi)"
"Busbahnhof","gaaraas (bi)"
"Busch (Wald)","all (bi); ñaay (bi)"
"Chauffeur","sofoor (bi)"
"Chef","seef (bi), bopp (bi)"
"Creme","diwu yaram (gi), pomade*"
"da","fi"
"Dach","jank (bi)"
"dafür","ngir"
"dahinter","ci ginnaw"
"Dame","jigeen (bi)"
"Dame (ältere)","soxna (si)"
"damit","ndax"
"damit (um zu)","ngir; ndaxte"
"danach","te"
"danke","jërëjëf"
"danken","gërëm"
"dann (nun)","te; kon"
"darum","moo tax"
"Datum (Tag)","bes (bi)"
"dauern","yagg"
"dazugeben (beim Kauf)","wes"
"Decke (Bett)","mbajj (mi)"
"demnächst","leegi"
"denken (nach-)","xalaat"
"denken, dass","foog"
"denn (weil)","ndaxte"
"deshalb","moo tax"
"deutsch","allemand(e)*"
"Deutsche(r)","allemand(e)*"
"Deutschland","Allemagne*"
"dick","dëll"
"Dickmilch","soow (mi)"
"Dieb","saay-saay (bi)"
"Diebstahl","cacc (gi)"
"Dienstmädchen","mbindaan (mi)"
"dies(e, -er, -es)","li"
"dies(es)","loolu"
"Diesel","gas-oil*"
"dieses und jenes","nangam (li)"
"Ding (Sache)","këf (ki); lëf (ki)"
"Discothek","discotheque*, boîte*"
"Dokumente","jumtukaay (bi); pièce*"
"Dolmetscher","firikat (bi)"
"Dorf (Stadt)","dëkk (bi)"
"dort","fa; fe; foofa; foofu, fele"
"dorthin","foofu"
"Dosenöffner","ouvre-boites*"
"draußen","biti"
"dreckig sein","salte"
"dreißig","fanweer"
"drinnen","ci biir"
"dumm","katakayna"
"dunkel","lëndëm"
"dünn","om; yooy"
"durch (quer)","jall"
"Durchfall","biir bu dow"
"dürfen","mën"
"Durst","mar"
"duschen","sang"
"echt","dëgg la"
"Ecke (Kreuzung)","koñ (bi)"
"Ehefrau","jabar (ji)"
"Ehefrau (ältere)","soxna (si)"
"Ehefrau (Zweitfrau)","ñaareel (bi)"
"Ehemann","jëkkër (ji)"
"Ehepaar","couple*"
"Ei","nen (bi)"
"Eigentum","moomeel (gi)"
"Eimer","sino (bi)"
"Einbruch","cacc (gi)"
"einfach","yomb"
"Einfuhr","jëggaani (bi)"
"Eingang (Tür-)","bunt (bi)"
"einige","aye"
"einkaufen (im Markt)","dugg"
"einladen","përyee"
"einmal","bene yoon"
"einsteigen","dugg"
"eintreten","egsi"
"Eintrittsgeld","paas (bi)"
"einverstanden","dakkoor"
"einverstanden sein","nangu"
"Einwohner (vom Land)","wa-reew (mi)"
"Eis (Speise-)","galaas (bi)"
"Eisenbahn","saxaar (gi)"
"Eltern","mbokk (mi)"
"empfangen","jot"
"empfehlen","batale"
"Ende, zu","jeex"
"eng","xat"
"Enkel(in)","sët (bi)"
"entscheiden, sich","gëdd"
"entschuldigen","baal"
"Entschuldigung!","baal ma"
"entweder … oder","walla … walla"
"Epoche (Zeit)","jamano (ji)"
"Erde (Boden)","suuf (si);"
"Erde (Welt)","addina (ji)"
"Erdnuss","gerte (gi)"
"Erdnussbutter","tigadege (ji)"
"Erdnussöl","dëwlin (ji)"
"Ereignis","xew-xew (bi)"
"Erfolg","ndam (li)"
"ergreifen","japp"
"erhalten","jot"
"erholen, sich","noppalu"
"erinnern (jem. an etwas)","fattali"
"erinnern, sich","fattaliku"
"erkältet (sein)","soj"
"erklären","tekki"
"erkundigen, sich","laajte"
"erlauben","may"
"Erlaubnis","permi (bi)"
"ermäßigen","waññi"
"ernten (Erdnuss)","deqi"
"erstaunen","jaaxal"
"erzählen","leeb"
"Esel","mbaam (mi)"
"essen","lekk"
"Essen","lekk (gi)"
"Etage","étage*"
"etwa (ungefähr)","xëy-na"
"etwas","dara"
"Eukalyptusbaum","xottu-buteel (gi)"
"Europa","tugal"
"Europäer","tubaab (bi)"
"existieren","am"
"Fabrik","isin (bi)"
"Faden","wëñ (gi)"
"Fähre","bag (bi)"
"fahren (Fahrzeug)","dawal"
"Fahrkarte","paas (bi), billet*"
"Fahrpreis","paas (bi)"
"Fahrrad","welo (bi)"
"Fahrzeug","oto (bi); kaar (bi)"
"falsch","baaxul"
"Familie","wa-kër (gi); njaboot (gi)"
"Familie (eine große F. haben)","jaboot"
"Familienname","sant (wi)"
"Farbe","kuloor (gi)"
"fasten","woor"
"faul (Obst)","nëb tayel"
"faul (träge)","tayel"
"Fehler","sikk (si)"
"Fehler begehen, einen","juum"
"Feier","xew (mi); baal (bi)"
"feiern","fetaal"
"Feiertag","fête*, jour ferié*"
"feilschen","waxaale"
"Feld (Garten)","tool (bi)"
"Fenster","palanteer (bi)"
"Ferien (haben)","bër"
"fern","sore"
"Fernsehgerät","tele (bi)"
"fertig (sein)","pare, noppi"
"fest","dëgër"
"Fest","baal (bi)"
"feucht","tooy"
"Feuer","safara (wi)"
"Feuerzeug","briquet*"
"Fieber (Malaria)","sibbiru (si)"
"Fieber haben","sibbiru"
"Film","film*"
"finden","fekk; nekk"
"Finger","baaraam (bi)"
"Fisch","jën (wi)"
"fischen (angeln)","napp"
"Fischer","nappkat (bi)"
"Fleisch","yapp (wi)"
"fleißig","tayeul"
"Fliege","weñ (wi)"
"fliegen","naaw"
"Flughafen","aéroport*"
"Flugzeug","roppëlaan (gi)"
"Fluss","dex (gi)"
"folgen","topp"
"Formular","kayit (wi)"
"Fotoapparat","portalekaay (bi)"
"Fotografie","portale (bi)"
"fotografieren","portale"
"Frage","laaj (bi)"
"fragen","laaj"
"Frankreich","tugal"
"Franzose","tubab (bi)"
"Französin","tubab (bi)"
"französisch","tubaab (bi)"
"Frau","jigeen (ji)"
"Frau (hübsche)","jongama (ji)"
"Frau (junge)","janq (bi)"
"Fräulein","janq (bi)"
"freuen, sich","beg"
"Freund","xarit (bi)"
"Freundin","xarit bu jigeen"
"freundlich","baax"
"Freundschaft","cofeel (si)"
"Friede","jamm (ji)"
"Friede sei mit dir!","salaamaaleikum!"
"frieren","liw"
"frisch","bees"
"fröhlich","beg"
"Frucht","doom (bi)"
"früh","njël"
"früher","bu jëkk"
"Frühstück","ndekki (li)"
"fühlen, sich","yëg"
"Führung","njiit (mi)"
"funktionieren","dox"
"für","ngir"
"fürchten, sich (vor)","ragal"
"Fuß","tank (bi)"
"Gabel","furset (bi)"
"Gambia","Gambi"
"Gambier(in)","gambien(ne)*"
"gambisch","gambien(ne)*"
"ganz","lëmm"
"Garten","tookër (bi)"
"Gas","gas (bi)"
"Gast (Besucher)","gan (bi)"
"Gastfreundschaft","teraanga (ji)"
"Gaststätte","kafe (gi)"
"Gebäck","beñe (bi)"
"Gebäude","taax (mi)"
"geben","jox, may"
"Gebühr","paas (bi)"
"Geburtstag","anniversaire*"
"gefallen","neex"
"Gefäß","ndab (li)"
"Gegend","reew (mi)"
"Gegend, in der","ci boor"
"gegenüber","jakkaarloo"
"gehen (an die frische Luft …)","feexlu"
"gehen (gemeinsam)","and"
"gehen (weggehen)","dem"
"gehen (zu Fuß)","dox"
"Geld (Silber)","xaalis (bi)"
"Gemeinschaft","mbootaay (gi)"
"Gemüse","lejum (bi)"
"gemütlich","neex"
"genau","tembe"
"genieren, sich","rus"
"genug","doyna"
"genügen","doy"
"genügt (reicht), es …","doyna"
"Gepäck","bagaas (bi)"
"geradeaus","jubal, tallal"
"Geschäft (Laden)","bitig (bi)"
"Geschäft (Tätigkeit)","liggeey (bi); afeer (bi)"
"Geschäftsmann","njaaykat (bi)"
"Geschenk","saricë (bi)"
"Geschichte (Erzählung)","leeb (wi)"
"Geschichte (Historie)","demb (ji)"
"Geschmack haben (Essen)","saf"
"Geschwister","mag (ji); rakk (ji)"
"Gesellschaft","wettal (wi)"
"Gesetz","sart (bi)"
"Gesicht","kanam"
"Gespräch","waxtaan"
"gestern","demb"
"gesund (sein)","tane"
"Gesundheit","wer (gi)"
"Getränk","naan (gi)"
"Gewicht","poo (bi)"
"Gewitter","ngëlen (li)"
"gewöhnen","tamm"
"Gift","poson (bi)"
"Giftschlange","saay-saay (bi)"
"Glas (Material)","weer (bi)"
"Glas (Trink-)","kaas (bi)"
"Glaube (Religion)","diine (ji)"
"glauben","defe"
"glauben, dass","foog"
"gleich","leegi"
"Glück","banneex (bi)"
"glücklich (sein)","kontaan"
"Glühbirne","ampoule*"
"Gold","wurus (wi)"
"Gott","yàlla (ji)"
"Gott möge mir verzeihen!","astafurlaa!"
"Gramm","gramme*"
"Grammatik","grammaire*"
"Gras","ñax (mi)"
"gratulieren","ndokkeel"
"Grenze","dig (bi)"
"Grippe","soj (mi)"
"groß","rey"
"groß (älter)","mag"
"Großmutter","maam (ji)"
"Großvater","maam (ji)"
"Gruppe","mbootaay (gi)"
"grüßen","nuyu"
"grüßen, sich","nuyoo"
"gültig","baax"
"gut (sein)","baax"
"gut gehen lassen, es sich","noos"
"haben","am"
"Hafen","poor (bi)"
"halb","genn-wall"
"halbes Kilo","liibar (bi)"
"Hälfte","genn-wall (gi), xaaj (bi)"
"halten (fest-)","yor, taxaw"
"Haltestelle","teer (bi)"
"Hand","loxo (li)"
"Handel","njaay (mi)"
"Handwerker","liggeeykat (bi), artisan*"
"hart","dëgër"
"Haschisch","yamba (ji)"
"hässlich","ñaaw"
"Haufen, kleiner (Maßeinheit)","saam (bi)"
"Haus","kër (gi)"
"Hausfrau","femme de ménage*"
"Haushälterin","mbindaan (mi)"
"Hausherr","jëkkër (ji)"
"heben","yëkkëti"
"Heftpflaster","pansement*"
"heilen","faj"
"heiraten","takk"
"heiß","tang"
"heißen (Vorname)","tudd"
"helfen","dimbali, dimmali"
"hell (klar)","leer"
"herkommen","joge"
"Herr","goor (gi)"
"herstellen","defar"
"Herz","xol (bi)"
"heute","tey"
"hier","ci; fi"
"Hilfe","wall (gi), ndimmal (li)"
"hinausgehen","genn"
"hinbringen","yobbu"
"hineingehen","dugg"
"hingehen (direkt)","jubal"
"hinlegen, sich (schlafen)","tëdd"
"hinter","ginnaw"
"Hirse","dugub (ji)"
"Hirse-Couscous","cere (ji)"
"Hirsemehl","sunguf (si)"
"hoch","kowe"
"Hochzeit","takk (gi)"
"hoffen","yaakaar"
"höflich","yaru"
"Holz","bant (bi)"
"hören","degg"
"Hose","tubey (ji)"
"Hotel","hotel*"
"hübsch","rafet"
"Hüfte","ndigg (li)"
"Huhn","ganaar (gi), ginaar (gi)"
"hundert","teemeer"
"Hunger (haben)","xiif"
"Hütte","neeg (bi)"
"Hygiene","set"
"ich selbst","sama bopp"
"immer","bis bu nekk"
"impfen","ñakk"
"in (örtl. / zeitl.)","ci"
"Individuum","waa (ji)"
"Industrie","industrie*"
"innen","ci biir"
"Innere, das (Land)","kow"
"Insekt","gunoor (bi)"
"Insel","dun (bi)"
"interessant","soxal"
"interessieren, sich (für)","soxal"
"irgendwo","fenn"
"irren, sich","juum"
"ist nicht?","mba"
"ja","waaw"
"jagen","rëbb"
"Jahr","at (mi)"
"jährlich","at bu nekk"
"jeder","nit bu nekk"
"jedesmal","yoon bu nekk"
"jemand","kenn; waa; nit"
"jetzt","leegi"
"Journalist","taskatu xabaar"
"jung","ndaw"
"Junge","xale bu goor (bi)"
"Kaffee","kafe (gi)"
"kalt","sedd"
"Kanister","bidon*"
"kaputt","yaq"
"kaputt sein","yaqu"
"Karte","dend (wi)"
"Kartoffel","pombiteer (bi)"
"Kasse","kees (gi)"
"Kassette","cassette*"
"Katze","muus (mi)"
"kaufen","jénd"
"kennen (wissen)","xam"
"Kenntnis","xam-xam (bi)"
"Kern","doom (bi)"
"Kerze","sondeel (bi)"
"Kind","xale (bi)"
"Kind (eigenes)","doom (ji)"
"Kino","sinemaa (bi)"
"Kirche","jangu (bi)"
"klar (hell)","leer"
"Kleidung","yëre (bi)"
"klein","ndaw; tuuti"
"Kleingeld","weccet (wi)"
"klug","xel"
"Knoblauch","laaj (ji)"
"kochen","togg"
"Koffer","waliis (wi)"
"Kolanuss","guro (gi)"
"komm!","kaay!"
"kommen (an-)","ñow, ñew"
"kompliziert","jafe"
"Kondom","preservativ*, capot*"
"Kondom (Slang)","aji-no-moto"
"können","mën"
"kontrollieren","seet"
"Kopf","bopp (bi)"
"Kopfkissen","njegenaay (li)"
"Koranschule","daara (ji)"
"Koranschüler","taalibe (bi)"
"Körper","yaram (wi)"
"kosten (Preis)","jar"
"kosten (probieren)","mos"
"kostenlos","lu amul fey"
"krank (sein)","feebar; tawat"
"Krankenhaus","loppitaan (bi)"
"Krankheit","feebar (bi)"
"Kreuzung","koñ (bi), cogne*"
"Küche","waañ (wi)"
"Kugelschreiber","bic* (Marke)"
"kühl","sedd"
"Kühlschrank","frigo*"
"Künstler","artist*"
"kurz","gatt"
"küssen","foon"
"lächeln","muuñ"
"lachen (über etwas)","ree"
"Laden (Boutique)","bitig (bi)"
"Lager (Zelt-)","gadd (gi)"
"Laken","darab (bi)"
"Lampe","lamp (bi)"
"Land (Staat)","reew (mi)"
"Landarbeiter, abhängiger","surga (bi)"
"Landkarte","dend (wi)"
"Landschaft","reew (mi)"
"Landwirtschaft","mbay (mi)"
"lang (Entfernung)","gudd"
"lange (Zeit)","bu yagg"
"lange da sein","yagg"
"lange sein, ohne dass …","gej"
"länger da sein (andauern)","yagg"
"langsam","ndank"
"langweilig","coono"
"lassen","bayyi"
"laufen","daw"
"laut","ëpp"
"leben","dund"
"Leben","dund (gi)"
"Lebensmittel","ndugg (mi)"
"Leder","der (wi)"
"ledig","du am jabar/jëkkër"
"leer","weyëng"
"legen","teg"
"lehren","jangale"
"Lehrer","jangalekat"
"leicht","(nicht schwer) woyof"
"leid tun","reccu"
"leihen, sich (von)","abb"
"lernen","jange"
"lesen","jang"
"letzter (-e, -es)","mujj"
"Leute","nit (ñi)"
"Libanese","naar (bi)"
"Licht (Sonnenstrahl)","ceeñeer (wi)"
"Licht(strahl)","leer (gi)"
"lieben (jem.)","nob, sopp"
"Lied","woy (wi)"
"links","cammooñ"
"loben","sant"
"Loch","pax (mi)"
"Löffel","kuddu (gi)"
"Lohn (Gehalt)","sold (bi)"
"lügen","fen"
"Lust haben","namm"
"machen (tun)","def"
"Mädchen","janq (bi)"
"Mais","mboq (mi)"
"mal","yoon"
"Mal","yoon (wi)"
"Mal, nächstes","ba benen yoon"
"Malaria","sibbiru (si)"
"man","kenn"
"manchmal","ñaare"
"Manding (Ethnie)","soose (bi)"
"Mann","goor (gi)"
"Marabout (islam. spirit. Führer)","sëriñ (bi)"
"Markt","marse (bi)"
"Medikament","garab (gi)"
"Meer","geej (gi)"
"mehr (als)","gën"
"Meinung","gis-gis (bi)"
"Melone","xaal (bi)"
"Mensch","nit (ki)"
"Menü","menu*"
"Messer","paaka (bi)"
"Metall (Eisen)","weñ (gi)"
"mieten","luye"
"Milch","meew (mi)"
"mild","nugg"
"Million","tamndareet, million*"
"mit","ag"
"mitnehmen (nach)","yobbu"
"Mittag essen, zu","añ"
"Mittagessen","añ (bi)"
"mitteilen","xabaar"
"möchte(n)","bëgg, sopp"
"Mode","colin (gi)"
"mögen (jem.)","bëgg, sopp"
"möglich","mën na am"
"Monat","weer (wi)"
"Mond","weer (wi)"
"morgen","suba"
"Morgen","suba (si)"
"Moschee","jakka (ji)"
"Moskito","yoo (wi)"
"Moskitonetz","sanke (bi)"
"Motorrad","moto (bi)"
"müde","sonn"
"Müll","mbalit (mi)"
"Mund","gemmiñ (gi)"
"Muschelfleisch","yeet (ji)"
"Museum","musée*"
"müssen","war"
"Mutter","ndey (ji); yaay (ji)"
"nach","(örtl.) ngir; (zeitl.) te"
"nach und nach","ndank-ndank"
"nachdem","bi mu pare"
"nachdenken","xalaat"
"Nachmittag","ngoon (gi)"
"Nachname","sant (wi)"
"Nachricht","deg-deg (bi); xabaar (bi)"
"Nacht","guddi (gi)"
"nackt","def neen"
"Nadel","puso (bi)"
"nah","jege"
"nahebei","ci wetu"
"Nähzeug","puso ag wëñ, trousse de couture*"
"nass","tooy"
"Nase","bakkan (bi)"
"Nationalität","giir (gi)"
"Natur","all (bi)"
"neben","ci wetu"
"Neffe","jarbaat (ji)"
"nehmen","jël"
"nein","deedeet"
"neu","bees"
"neugierig","deñ"
"Neujahrsfest, islam.","tamxarit (wi)"
"nicht","du"
"nicht wahr?","xanaa?"
"Nichte","jarbaat (ji)"
"nichts","du dara"
"Niederlande","Pays-bas*"
"Niederländer(in)","néerlandais(e)*"
"niederländisch","néerlandais(e)*"
"niedrig","suufe"
"niemals","mukk"
"niemand","kenn"
"Nieren","ndigg (li)"
"nimm!","am!"
"nirgends","(Verneinung +) fenn"
"noch (zeitl.)","be leegi"
"noch einmal","-aat (Wortendung)"
"Norden","bopp (bi)"
"normalerweise","naka-jekk"
"notwendig","war"
"Null","zero*"
"Nummer","araf (bi)"
"nun (daher)","kon"
"nun (dann)","te; nag"
"nur","rekk"
"nutzen","doye"
"ob","ndax"
"oben","ci kow"
"Obst","doom (yi) (Mz.)"
"obwohl","bu"
"oder","walla; wante"
"offensichtlich","xanaa"
"öffnen","ubbi"
"Öffner","ubbikaay"
"oft","yen-say"
"ohne","amul (= „nicht haben“)"
"Ohr","nopp (bi)"
"Okraschote","kanja (gi)"
"Öl (Motor)","huile*"
"Öl (Speiseöl)","dëwlin (ji)"
"Onkel","nijaay (bi)"
"Orange","soras (si)"
"ordentlich","set"
"Ort","palaas (bi)"
"Osten","penku (bi)"
"Österreich","Autriche*"
"Österreicher(in)","autrichien(ne)*"
"österreicherisch","autrichien(ne)*"
"paar","peer (bi)"
"Paar (Ehe-)","jëkkër ag jabar"
"Päckchen","taxañ (bi)"
"Pagne (2 m lange Stoffbahn)","ser (bi)"
"Paket","paket (bi)"
"Palast (Präsidenten-)","kër borom reew mi"
"Panne (Auto)","paan (bi)"
"Papier","kayit (wi)"
"parken","taxawaal"
"Pass","paaspoor (bi)"
"passieren (geschehen)","xew"
"Patient","jarag (ji)"
"Pause (machen)","noppalu"
"Perlenkette (für die Hüfte)","fer (gi)"
"Person","nit (ki)"
"Person (ältere)","mag (mi)"
"Pfeffer","poobar (bi)"
"Pfeffer, scharfer","kaani (gi)"
"Pferd","fas (wi)"
"Pflanze","garab (gi)"
"Pflaster","pansement*"
"Plan (Landkarte)","dend (wi)"
"Plastiktüte","mbuus (mi)"
"Platz","palaas (bi)"
"Platzkarte (Zug)","reservation*"
"plötzlich","ci kannam rekk"
"Politik","politig (bi)"
"Polizei","polis (bi)"
"Polizist","alkati (bi)"
"Post(amt)","post (bi)"
"Präsident (Führer, Chef)","njiit (mi)"
"Preis","njëg (gi)"
"Preis senken","waññi"
"preisgünstig","yomb"
"probieren (schmecken)","mos"
"Problem","jafe-jafe (bi)"
"Qualität","baaxey (bi)"
"Radio","rajo (bi)"
"Rat (geben)","digle / digal; xelal"
"rauchen","tox"
"Raum","saal (bi)"
"rechnen","seefër"
"Rechnung","seede (li)"
"Recht","sañ-sañ (bi)"
"rechte Seite","ndeyjoor (bi), ndijoor (bi)"
"rechts","ndeyjoor"
"Rechtsanwalt","attekat (bi)"
"reden","wax"
"Regen","taw (bi)"
"Regenschirm","parasool (bi)"
"Regenzeit","nawet (bi)"
"Regierung","nguur (gi)"
"registrieren","raññee"
"regnen","taw"
"reich","bare xaalis"
"reif (Obst)","ñor"
"Reis","ceeb (bi)"
"Reise","tukki (bi)"
"Reisemitbringsel","saricë (bi)"
"reisen","tukki"
"Religion","diine (ji)"
"rennen","daw"
"reparieren","defar"
"reservieren","ñal"
"Rest","des (wi)"
"Restaurant","restoraŋ"
"richten (schlichten)","atte"
"riechen","xeeñ"
"Rind","nag (wi)"
"roh","tooy"
"Rônier-Palme","ron (gi)"
"Sack","mbuus (mi)"
"sagen","wax; ne (a: ni)"
"Saisonarbeiter","nawetaan (bi)"
"Salz","xorom (si)"
"Sandale","dall (wi)"
"satt (sein)","suur"
"sauber","set"
"sauer (schmecken)","wex"
"schade! (wie)","xalaas!"
"Schaf","xar (mi)"
"schämen, sich","rus"
"Schatten","ker (gi)"
"schauen","xool"
"schenken","may"
"Schere","siso (si)"
"schlafen","nelaw"
"Schlange","jaan (ji)"
"schlecht (nicht gut)","bon"
"schlichten (richten)","atte"
"schließen","tëj"
"schmecken","neex"
"schmerzen","metti"
"schmerzhaft","metti"
"schmutzig","tilim, salte"
"schneiden","dagg"
"schnell","gaaw"
"schön","rafet"
"schreiben","bind"
"Schuhe","dall (wi)"
"Schüler","eleew, ndongo"
"schwach","neew doole"
"Schwager, Schwägerin","goro (bi)"
"schwarz","ñuul"
"Schwein","mbaam (mi)"
"Schweiz","Suisse*"
"Schweizer(in)","suisse*"
"schweizerisch","suisse*"
"schwer (nicht leicht)","diis"
"Schwester","jigeen (bi)"
"schwierig (sein)","jafe"
"schwimmen","feey"
"Schwindler","saay-saay (bi)"
"sehen","gis"
"sehr","lool"
"sehr, zu","ëpp"
"Seife","saabu (si)"
"sein (sich befinden)","nekk"
"seit","am na"
"selten","neew"
"Senegal","Senegaal (gi)"
"Senegalese (-in)","sénégalais(e)*"
"senegalesisch","sénégalais(e)*"
"Serviette","sarbet (bi)"
"setzen, sich","toog"
"Silber","xaalis (bi)"
"sondern","waaye, wante"
"Sonne","jant (bi)"
"Sonnenöl","huile pour se bronzer*"
"Sonnenstrahlen","naaj (wi)"
"Souvenir","saricë (bi)"
"spazierengehen","doxantu"
"Speisekarte","carte*"
"Speiseöl (Erdnussöl)","dëwlin (ji) , diwlin (ji)"
"Sprache","wax (ji), lakk (wi)"
"sprechen","wax"
"St. Louis","ndar (gi)"
"Staat","reew (mi), nguur (gi)"
"Stadt","dëkk (bi)"
"Stadt, in der","dëkk ba"
"Stadtplan","cartu / plan* dëkk (bi)"
"stark","am doole (= „Kraft haben“)"
"stehen","taxaw"
"sterben","dee"
"still (sein)","noppi"
"Stimme","baat (bi); lammiñ (wi)"
"Stoff","piis (bi)"
"Strand","tefes (gi), geej (gi)"
"Straße (befestigt / asphaltiert)","tali (bi), mbedd (mi)"
"Streichhölzer","almet (ji)"
"Stuhl","siis (bi)"
"Stunde","waxtu (wi)"
"suchen (um zu finden)","seet;"
"suchen (um zu haben)","wut"
"Superbenzin","super*"
"Tablette","doom (bi)"
"Tag","bes (bi); fan (wi)"
"Tag verbringen, den","yendu"
"Tagesverlauf, im","bëccëg"
"Tampons","tampon*"
"Tankstelle","essencerie*"
"tanzen","fecc"
"Tasche (Reise-)","saag (bi)"
"Tasse","kaas (bi)"
"Taufe (traditionelle)","ngente (li)"
"tausend","junni"
"Techniker","technicien*"
"Tee","attaaya (ji)"
"Tee, grüner","warga (wi)"
"teilen","bokk"
"Telefon","telefon"
"telefonieren","telefonee"
"Teller","aset (bi), palaat (bi)"
"Tesafilm","scotch*, taftu (bi)"
"teuer","jafe"
"Tisch","taabal (ji)"
"Tod","dee (gi)"
"Toilette","wanag (wi), duus (bi)"
"Toilettenpapier","kayitu wanag / duus (wi), papier hygienique*"
"tot (sein)","dee"
"Tradition","cosaan (li)"
"treffen, sich","daje"
"trinken","naan"
"Trinkgeld","pourboire*"
"Trockenzeit","noor (bi)"
"tun (machen)","def"
"Tür","bunt (bi)"
"überlegen (etw.)","xalaat"
"Überlegung","xalaat (mi)"
"übermorgen","suba ginnaw"
"übernachten","fanaan"
"übrig bleiben","des"
"um (für)","ngir"
"und","ag; (dann) te"
"unerträglich (Kind)","sob"
"Unfall","aksidaa"
"unterrichten","jangale"
"Ursache","solo (si)"
"verärgert","mer"
"verdauen","rees"
"verderben","yaq"
"verdorben (sein)","yaqu"
"vergessen","fatte"
"verirren, sich","reer"
"verkaufen","jaay"
"verliebt (sein)","nob"
"vermieten","luye"
"vermissen (jem.)","namm"
"Versammlungsplatz","penc (mi)"
"Verständnis","gis-gis (bi)"
"verstehen","degg"
"vertrauen","woolu"
"Vertrauen","woolu"
"viel","bare"
"vielleicht","xëy na"
"Viertel (Bruchzahl)","walaat (gi)"
"Volk","xeet (wi)"
"voll","fees"
"vorfinden","fekk"
"vorgestern","bërki-demb"
"Vormittag","suba (si)"
"Vorname","tur (wi)"
"vorne","kanam"
"wach (sein)","yeewu"
"wahr sein","dëgg la"
"Wahrheit","dëgg (gi)"
"Wandel","soppi (bi)"
"wann?","kañ?"
"warm","tang"
"warm (mild)","nugg"
"Warmwasser","ndox bu tang (mi)"
"warten","xaar"
"warum?","lu tax?"
"was?","lan?"
"was noch?","ag lan?"
"waschen (etwas / Körper)","raxas"
"waschen (Wäsche)","foot"
"waschen, sich","sangu"
"Wasser","ndox (mi)"
"Wasser (zum Hände waschen)","raxasu (mi)"
"Wasser schöpfen","root"
"Wassermelone","xaal (bi)"
"Watte","coton*, wëtteen (wi)"
"Wechselgeld","weccet (wi)"
"weder … noch","du … du"
"Weg (Piste)","yoon (wi)"
"weggehen","dem"
"weil","ndaxte; ndax"
"Wein","biiñ (bi)"
"weit entfernt","sore"
"weitermachen","kontine"
"welche(r, -s)","bu"
"welche(r, -s)?","ban"
"wenig, ein","tuuti"
"wer?","kan?"
"wert (sein)","jar"
"Wert","solo (si)"
"weshalb?","lu tax?"
"wie","ni"
"wie?","naka?, nan?"
"wie viel?","ñaata?"
"wiederkommen","ñewat"
"Wind","ngelaw (li)"
"Windeln","couche*"
"Winter (Regenzeit)","nawet (bi)"
"wissen (kennen)","xam"
"Wissen","xam-xam (bi)"
"wo?","ana?; fan?"
"Woche","ayu-bes (gi)"
"woher?","fan?"
"wohin?","fan?"
"wohnen","dëkk"
"wollen","bëgg"
"womit?","ag lan?"
"Wort","baat (bi)"
"wünschen (wollen)","bëgg"
"wütend (böse)","soxor"
"zahlreich","bare"
"Zahn","bëñ (bi)"
"Zahnbürste","brosse à dents*"
"Zahnpasta","dentifrice*"
"zeigen","won"
"Zeitung","journal*"
"zerstören","yaq"
"Ziege","bey (wi)"
"Zigaretten","sigaret (bi)"
"Zimmer","neeg (bi)"
"zu viel","ëpp"
"Zucker","suukar (si)"
"zufrieden","beg, kontaan"
"Zukunft","kanam"
"Zunge","lammiñ (wi)"
"zurückgehen","dëpp"
"zurückkehren","dellu;"
"zurückkehren (nach Hause)","ñibbi"
"zusammensein","and"
"Zwiebel","soble (si)"
"zwischen","diggante"
